#,時間,來源,辨識結果,指令,執行結果,板子回報狀態
"1","16:20:15","語音","左邊開燈","BLUE_ON","成功","藍亮 / 綠滅"
"2","16:20:36","語音","右邊開燈","GREEN_ON","成功","藍亮 / 綠亮"
"3","16:20:44","語音","左邊關燈","BLUE_OFF","成功","藍滅 / 綠亮"
"4","16:21:41","語音","今天天氣很好","—","未執行：非控制指令","藍滅 / 綠亮"
"5","16:21:50","語音","左邊不要開燈","—","未執行：含否定語氣，不執行","藍滅 / 綠亮"
"6","16:22:29","語音","左邊開燈","BLUE_ON","成功","藍亮 / 綠滅"
"7","16:24:03","語音","turn on the flashlight","BLINK_ALL","成功","藍亮 / 綠滅"
"8","16:24:17","語音","turn on the light light","GREEN_ON","成功","藍亮 / 綠亮"
"9","16:32:22","語音","turn off the light","ALL_OFF","成功","藍滅 / 綠滅"
"10","16:33:44","語音","左邊開燈","BLUE_ON","成功","藍亮 / 綠滅"
"11","16:33:52","語音","左邊關燈","BLUE_OFF","成功","藍滅 / 綠滅"
"12","16:33:58","語音","右邊開燈","GREEN_ON","成功","藍滅 / 綠亮"
"13","16:34:03","語音","右邊關燈","GREEN_OFF","成功","藍滅 / 綠滅"
"14","16:34:09","語音","閃爍三次","BLINK_ALL","成功","藍滅 / 綠滅"
"15","16:34:19","語音","今天天氣很好","—","未執行：非控制指令","藍滅 / 綠滅"
"16","16:34:30","語音","turn on the right light","GREEN_ON","成功","藍滅 / 綠亮"
"17","16:34:35","語音","turn on the left light","BLUE_ON","成功","藍亮 / 綠亮"
"18","16:34:48","語音","European Hayden","—","未執行：非控制指令","未知"
"19","16:34:55","語音","右邊開燈","GREEN_ON","通訊失敗：尚未連接 USB 序列埠（或已中斷），請按「連線」重新選擇","未知"
"20","16:35:08","語音","右邊開燈","GREEN_ON","成功","藍滅 / 綠亮"